Πάροχος,Έτος,Μήνας,Ονομασία Τιμολογίου,Πάγιο (€/μήνα),Τελική Τιμή Προμήθειας (€/ΚWh),Πάγιο με Έκπτωση με προϋπόθεση (€/μήνα),Προϋπόθεση Έκπτωσης Παγίου,Τελική Τιμή Προμήθειας με Έκπτωση με προϋπόθεση (€/ΚWh),Προϋπόθεση Έκπτωσης Βασικής Τιμής Προμήθειας,Διάρκεια Σύμβασης,Παρατηρήσεις
PROTERGIA,2025,2,Value Student,9.9,0.001,9.9,,0.001,,12,Φοιτητικό Πρόγραμμα. (Μηδενική κυμαινόμενη χρέωση προμήθειας για τις πρώτες 115kWh κάθε μήνα).
ΕΛΙΝΟΙΛ,2025,2,Power On! Hybrid 100,7.9,0.0699,7.9,,0.0699,,12,Η τιμή του Φεβρουαρίου 2025 θα ανακοινωθεί τον Μάρτιο του 2025
ΕΛΙΝΟΙΛ,2025,1,Power On! Hybrid 100,7.9,0.0699,7.9,,0.0699,,12,Η τιμή του Ιανουαρίου 2025 θα δημοσιευτεί τον Φεβρουάριο του 2025
ΖΕΝΙΘ,2025,2,"Power Home Select \""Promo 6 Πάγια\""",5,0.085,5,Χαρίζονται τα πάγια για τον 1ο. 2ο. 4ο. 5ο. 11ο και 12ο μήνα (6 μήνες),0.077,Dual Energy,Αορίστου Διάρκειας,
ΖΕΝΙΘ,2025,1,"Power Home Select \""Promo 6 Πάγια\""",5,0.085,0,6 πάγια δώρο,0.077,Dual Energy,12,"6 πάγια δώρο, έκπτωση Dual Energy"
ELPEDISON,2025,2,Elpedison Bright Up,9.9,0.089,9.9,,0.089,,6,Από 28/06 το προϊόν είναι μη εμπορικά διαθέσιμο. Η διάρκεια σύμβασης συμφωνείται έως 31/12/2024.
ELPEDISON,2025,1,Elpedison Bright Up,9.9,0.089,9.9,,0.089,,6,Από 28/06 το προϊόν είναι μη εμπορικά διαθέσιμο. Η διάρκεια σύμβασης συμφωνείται έως 31/12/2024.
ELPEDISON,2025,1,ELPEDISON Win More 2,9.9,0.0949,9.9,,0.0949,,12,Σταθερή Χρέωση Προμήθειας ημέρας και νύχτας έως 31/01/2025. Από 01/02/2025 έως τη λήξη της σύμβασης η Χρέωση Προμήθειας καθίσταται κυμαινόμενη και το Πάγιο ανέρχεται στα 5.90 €/μήνα. Από 03/02 μη εμπορικά διαθέσιμο.
NRG,2025,2,nrg hybrid,5,0.095,5,,0.095,,12,
NRG,2025,2,nrg fixed 4U 6μήνες,9.9,0.095,9.9,0,0.095,,6,
NRG,2025,2,nrg hybrid 2.0,5,0.095,5,,0.095,,12,
NRG,2025,1,nrg hybrid 2.0,5,0.095,5,,0.095,,12,
NRG,2025,1,nrg hybrid,5,0.095,5,,0.095,,12,
NRG,2025,1,nrg fixed 4U 6μήνες,9.9,0.095,9.9,0,0.095,,6,
PROTERGIA,2025,2,Value Safe 6 Μήνες,9.9,0.095,9.9,,0.095,,6,
PROTERGIA,2025,1,Value Safe 6 Μήνες,9.9,0.095,9.9,,0.095,,6,
ΖΕΝΙΘ,2025,1,Power Home Student,5,0.095,5,,0.095,,12,"-Σταθερή τιμή για τις πρώτες 200kWh κάθε μήνα.
- Το προϊόν αφορά οικιακούς καταναλωτές που έχουν τη φοιτητική ιδιότητα η οποία
πιστοποιείται από αποδεικτικό στοιχείο φοίτησης σε ισχύ."
ΕΛΙΝΟΙΛ,2025,2,Power On! Hybrid 150,7.9,0.0969,7.9,0,0.0969,,12,Η τιμή του Φεβρουαρίου 2025 θα ανακοινωθεί τον Μάρτιο του 2025
ΕΛΙΝΟΙΛ,2025,1,Power On! Hybrid 150,7.9,0.0969,7.9,,0.0969,,12,Η τιμή του Ιανουαρίου 2025 θα δημοσιευτεί τον Φεβρουάριο του 2025
PROTERGIA,2025,2,Protergia Οικιακό / Οικιακό Ν - Value Safe (6μηνο προϊόν) (μη εμπορικά διαθέσιμο),9.9,0.0975,9.9,,0.0975,,6,
PROTERGIA,2025,1,Protergia Οικιακό / Οικιακό Ν - Value Safe (6μηνο προϊόν) (μη εμπορικά διαθέσιμο),9.9,0.0975,9.9,,0.0975,,6,
ELPEDISON,2025,2,ELPEDISON Bright 6M,9.9,0.0999,9.9,,0.0999,,6,Από 17/01/2025 το προϊόν είναι μη εμπορικά διαθέσιμο.
ELPEDISON,2025,1,ELPEDISON Bright 6M,9.9,0.0999,9.9,,0.0999,,6,Από 17/01/2025 το προϊόν είναι μη εμπορικά διαθέσιμο.
ELPEDISON,2025,2,ELPEDISON Bright 12M,7.9,0.1049,7.9,,0.1049,,12,
ELPEDISON,2025,1,ELPEDISON Bright 12M,7.9,0.1049,7.9,,0.1049,,12,
ΕΛΙΝΟΙΛ,2025,2,Power On! Hybrid 200,7.9,0.1089,7.9,0,0.1089,,12,Η τιμή του Φεβρουαρίου 2025 θα ανακοινωθεί τον Μάρτιο του 2025
ΕΛΙΝΟΙΛ,2025,1,Power On! Hybrid 200,7.9,0.1089,7.9,,0.1089,,12,Η τιμή του Ιανουαρίου 2025 θα δημοσιευτεί τον Φεβρουάριο του 2025
NRG,2025,2,nrg hybrid 1.0,5,0.109,5,,0.109,,12,
NRG,2025,1,nrg hybrid 1.0,5,0.109,5,,0.109,,12,
ELPEDISON,2025,2,ELPEDISON Bright Night 6M,9.9,0.1099,9.9,,0.1099,,6,Από 17/01/2025 το προϊόν είναι μη εμπορικά διαθέσιμο.
ELPEDISON,2025,1,ELPEDISON Bright Night 6M,9.9,0.1099,9.9,,0.1099,,6,Από 17/01/2025 το προϊόν είναι μη εμπορικά διαθέσιμο.
VOLTON,2025,2,VOLTON BLUE FIXED 6M,9.9,0.11,9.9,,0.088,Συνέπεια,6,Από 11/06 το προϊόν είναι μη εμπορικά διαθέσιμο
VOLTON,2025,1,VOLTON BLUE FIXED 6M,9.9,0.11,9.9,,0.088,Συνέπεια,6,Από 11/06 το προϊόν είναι μη εμπορικά διαθέσιμο
ΕΛΙΝΟΙΛ,2025,2,Power On! Blue 24M Οικιακό,9.9,0.1149,9.9,,0.1149,,24,
ΕΛΙΝΟΙΛ,2025,1,Power On! Blue 24M Οικιακό,9.9,0.1149,9.9,,0.1149,,24,
NRG,2025,2,nrg fixed 4U 12M,14.9,0.115,14.9,,0.115,,12,
NRG,2025,1,nrg fixed 4U 12M,14.9,0.115,14.9,,0.115,,12,
ΦΥΣΙΚΟ ΑΕΡΙΟ ΕΛΛΗΝΙΚΗ ΕΤΑΙΡΙΑ ΕΝΕΡΓΕΙΑΣ,2025,2,Ρεύμα MAXI Home Economy,9.9,0.115,9.9,,0.085,Συνέπεια,12,
ΦΥΣΙΚΟ ΑΕΡΙΟ ΕΛΛΗΝΙΚΗ ΕΤΑΙΡΙΑ ΕΝΕΡΓΕΙΑΣ,2025,2,Ρεύμα MAXI Home Economy XL,14.9,0.115,14.9,,0.085,Συνέπεια,12,
ΦΥΣΙΚΟ ΑΕΡΙΟ ΕΛΛΗΝΙΚΗ ΕΤΑΙΡΙΑ ΕΝΕΡΓΕΙΑΣ,2025,1,Ρεύμα MAXI Home Economy,9.9,0.115,9.9,,0.085,Συνέπεια,12,
ΦΥΣΙΚΟ ΑΕΡΙΟ ΕΛΛΗΝΙΚΗ ΕΤΑΙΡΙΑ ΕΝΕΡΓΕΙΑΣ,2025,1,Ρεύμα MAXI Home Economy XL,14.9,0.115,14.9,,0.085,Συνέπεια,12,
ΗΡΩΝ,2025,2,BLUE GENEROUS HOME,9.5,0.117,9.5,,0.0936,Συνέπεια,6,
ΗΡΩΝ,2025,2,Yellow One Home 2,5,0.117,5,,0.0936,Συνέπεια (-20%),12,Αναστολή εφαρμογής Μηχανισμού Διακύμανσης στη Χρέωση Προμήθειας για την κατανάλωση των τριών πρώτων μηνών του έτους 2025.
ΗΡΩΝ,2025,1,Yellow One Home 2,5,0.117,5,,0.0936,Συνέπεια (-20%),12,Αναστολή εφαρμογής Μηχανισμού Διακύμανσης στη Χρέωση Προμήθειας για την κατανάλωση των τριών πρώτων μηνών του έτους 2025.
ΗΡΩΝ,2025,1,BLUE GENEROUS HOME,9.5,0.117,9.5,,0.0936,Συνέπεια,6,
PROTERGIA,2025,2,Value Secure 6 Μήνες,9.9,0.119,9.9,,0.085,Συνέπεια,6,
PROTERGIA,2025,1,Value Secure 6 Μήνες,9.9,0.119,9.9,,0.085,Συνέπεια,6,
ΖΕΝΙΘ,2025,2,Power Home Direct Plus,9.9,0.123,9.9,,0.095,Έκπτωση συνέπειας,12,ΔΩΡΟ τα πρώτα 6 πάγια
ΖΕΝΙΘ,2025,1,Power Home Direct Plus,9.9,0.123,9.9,,0.095,Έκπτωση συνέπειας,12,ΔΩΡΟ τα πρώτα 6 πάγια
ΗΡΩΝ,2025,2,Fix Genius Home 3,9.5,0.124,9.5,,0.0992,Συνέπεια,6,ΜΗ ΕΜΠΟΡΙΚΑ ΔΙΑΘΕΣΙΜΟ ΠΡΟΪΟΝ
ΗΡΩΝ,2025,1,Fix Genius Home 3,9.5,0.124,9.5,,0.0992,Συνέπεια,6,ΜΗ ΕΜΠΟΡΙΚΑ ΔΙΑΘΕΣΙΜΟ ΠΡΟΪΟΝ
ΕΛΙΝΟΙΛ,2025,2,Power On! Blue 12M Οικιακό,9.9,0.1249,9.9,,0.1249,,12,
ΕΛΙΝΟΙΛ,2025,1,Power On! Blue 12M Οικιακό,9.9,0.1249,9.9,,0.1249,,12,
PROTERGIA,2025,2,Value Safe More,9.9,0.125,9.9,,0.125,,12,Επιπλέον έκπτωση 10€/ΜWh σε συνδυασμό με πρόγραμμα φυσικού αερίου.
PROTERGIA,2025,1,Value Safe More,9.9,0.125,9.9,,0.125,,12,Επιπλέον έκπτωση 10€/ΜWh σε συνδυασμό με πρόγραμμα φυσικού αερίου.
ΕΛΙΝΟΙΛ,2025,2,Power On! Blue Benefit Οικιακό,7.5,0.125,7.5,,0.125,,12,
ΕΛΙΝΟΙΛ,2025,1,Power On! Blue Benefit Οικιακό,7.5,0.125,7.5,,0.125,,12,
ΔΕΗ,2025,2,myHome4Student,3,0.129,2.9,Πάγια Εντολή,0.12513,Έκπτωση 3% επί της τελικής τιμής προμήθειας με πληρωμή μέσω πάγιας εντολής.,12,
ΔΕΗ,2025,1,myHome4Student,3,0.129,2.9,Πάγια Εντολή,0.12513,Έκπτωση 3% επί της τελικής τιμής προμήθειας με πληρωμή μέσω πάγιας εντολής.,12,
VOLTON,2025,2,VOLTON BLUE FIXED 6M_JUNE24,9.9,0.133,9.9,,0.0998,Συνέπεια,6,Από 09/07 το προϊόν είναι μη εμπορικά διαθέσιμο
VOLTON,2025,1,VOLTON BLUE FIXED 6M_JUNE24,9.9,0.133,9.9,,0.0998,Συνέπεια,6,Από 09/07 το προϊόν είναι μη εμπορικά διαθέσιμο
ΦΥΣΙΚΟ ΑΕΡΙΟ ΕΛΛΗΝΙΚΗ ΕΤΑΙΡΙΑ ΕΝΕΡΓΕΙΑΣ,2025,2,Ρεύμα Blue Friday,9.9,0.139,9.9,,0.089,Συνέπεια,12,Δωδεκάμηνο (12) σταθερό πρόγραμμα.
ΦΥΣΙΚΟ ΑΕΡΙΟ ΕΛΛΗΝΙΚΗ ΕΤΑΙΡΙΑ ΕΝΕΡΓΕΙΑΣ,2025,1,Ρεύμα Blue Friday,9.9,0.139,9.9,,0.089,Συνέπεια,12,Δωδεκάμηνο (12) σταθερό πρόγραμμα.
ΔΕΗ,2025,2,My Home Online,3.5,0.142,3.5,,0.142,,12,
ΔΕΗ,2025,2,My Home Online,3.5,0.142,3.5,,0.142,,12,"Δώρο 50 € στον 1ο λογαριασμό. Επιπλέον δώρο 50€ μετά την πάροδο χρονικού διαστήματος 180 ημερών από την ημερομηνία σύναψης της σύμβασης, εφόσον διατηρείται ενεργοποιημένη η υπηρεσία myΔΕΗ."
ΔΕΗ,2025,1,My Home Online,3.5,0.142,3.5,,0.142,,12,
ΔΕΗ,2025,1,My Home Online,3.5,0.142,3.5,,0.142,,12,"Έκπτωση 30€ στον λογαριασμό
για νέους πελάτες έως 31.01.2025"
ΔΕΗ,2025,2,My Home Enter,5,0.145,5,Πάγια εντολή,0.145,Έκπτωση 30€ στον λογαριασμό για νέους πελάτες έως 31.01.2025,12,
ΔΕΗ,2025,1,My Home Enter,5,0.145,5,Πάγια εντολή,0.145,Έκπτωση 30€ στον λογαριασμό για νέους πελάτες έως 31.01.2025,12,
ΔΕΗ,2025,2,My Home Enter,5,0.145,4.9,Πάγια Εντολή,0.1421,Έκπτωση 2% επί της τελικής τιμής προμήθειας με πληρωμή μέσω πάγιας εντολής.,12,"Δώρο 50 € στον 1ο Λογαριασμό. Επιπλέον δώρο 50€ μετά την πάροδο χρονικού διαστήματος 180 ημερών από την ημερομηνία σύναψης της σύμβασης, εφόσον διατηρείται ενεργοποιημένη η υπηρεσία myΔΕΗ."
ΔΕΗ,2025,1,My Home Enter,5,0.145,4.9,Πάγια Εντολή,0.1421,Έκπτωση 2% επί της τελικής τιμής προμήθειας με πληρωμή μέσω πάγιας εντολής.,12,"Έκπτωση 30€ στον λογαριασμό
για νέους πελάτες έως 31.01.2025"
ΗΡΩΝ,2025,2,Home Fix 4,9.5,0.145,9.5,,0.116,Συνέπεια,12,ΜΗ ΕΜΠΟΡΙΚΑ ΔΙΑΘΕΣΙΜΟ ΠΡΟΪΟΝ
ΗΡΩΝ,2025,1,Home Fix 4,9.5,0.145,9.5,,0.116,Συνέπεια,12,ΜΗ ΕΜΠΟΡΙΚΑ ΔΙΑΘΕΣΙΜΟ ΠΡΟΪΟΝ
ΔΕΗ,2025,2,MyHome 4All,5,0.14541,4.9,Πάγια Εντολή,0.14231,2% έκπτωση για πληρωμή μέσω πάγιας εντολής,12,
ΔΕΗ,2025,1,MyHome 4All,5,0.14643,4.9,Πάγια Εντολή,0.14333,Έκπτωση 2% επί της τελικής τιμής προμήθειας με πληρωμή μέσω πάγιας εντολής.,12,
ΗΡΩΝ,2025,2,BLUE GENEROUS HOME 3,9.9,0.147,9.9,,0.11025,Συνέπεια (-25%),12,
ΗΡΩΝ,2025,1,BLUE GENEROUS HOME 3,9.9,0.147,9.9,,0.11025,Συνέπεια (-25%),12,
ΕΛΙΝΟΙΛ,2025,2,Power On! Blue Day & Night,5,0.149,5,,0.149,,12,
ΕΛΙΝΟΙΛ,2025,2,Power on! Blue Day,5,0.149,5,,0.149,,12,
ΕΛΙΝΟΙΛ,2025,1,Power On! Blue Day & Night,5,0.149,5,,0.149,,12,
ΕΛΙΝΟΙΛ,2025,1,Power on! Blue Day,5,0.149,5,,0.149,,12,
PROTERGIA,2025,2,Value Swift OnTime,5,0.1509,5,,0.09093,Συνέπεια,12,
PROTERGIA,2025,1,Value Swift OnTime,5,0.1509,5,,0.09093,Συνέπεια,12,
NRG,2025,2,nrg fixed on time,9.9,0.154,9.9,,0.1078,Έκπτωση Συνέπειας 30%,12,
ΔΕΗ,2025,1,Ειδικό,5,0.15475,5,,0.15475,,Αορίστου Διάρκειας,
ΔΕΗ,2025,2,Ειδικό,5,0.1548,5,,0.1548,,Αορίστου Διάρκειας,
ELPEDISON,2025,2,Ειδικό,5,0.1585,5,,0.1585,Οριζόντια έκπτωση χωρίς προυπόθεση,Αορίστου Διάρκειας,
ELPEDISON,2025,1,Ειδικό,5,0.1585,5,,0.1585,Οριζόντια έκπτωση χωρίς προυπόθεση,Αορίστου Διάρκειας,
NRG,2025,2,nrg fixed 4U,5,0.159,3.5,ebill & πάγια εντολή,0.15105,nrg Total (συνδυασμός με αέριο),12,
NRG,2025,1,nrg fixed 4U,5,0.159,3.5,ebill & πάγια εντολή,0.15105,nrg Total (συνδυασμός με αέριο),12,
VOLTERRA,2025,2,New Yellow για το Σπίτι,4.5,0.159,4.5,,0.159,,12,
VOLTERRA,2025,2,Ειδικό,4.5,0.159,4.5,,0.159,,Αορίστου Διάρκειας,
VOLTERRA,2025,1,Ειδικό,4.5,0.159,4.5,,0.159,,Αορίστου Διάρκειας,
VOLTERRA,2025,1,New Yellow για το Σπίτι,4.5,0.159,4.5,,0.159,,12,
EUNICE,2025,2,EUNICE Home Fair II,4,0.16,4,,0.16,,12,
EUNICE,2025,1,EUNICE Home Fair II,4,0.16,4,,0.16,,12,
EUNICE,2025,2,Eunice Home Fair (πρωην we yellow),4,0.16,4,,0.145,Συνέπεια,12,ΜΗ εμπορικά διαθέσιμο από 22/11/2024.
EUNICE,2025,1,Eunice Home Fair (πρωην we yellow),4,0.16,4,,0.145,Συνέπεια,12,ΜΗ εμπορικά διαθέσιμο από 22/11/2024.
VOLTON,2025,2,Volton Blue 6M,18,0.16,9.9,Έκπτωση συνέπειας 45%,0.088,Έκπτωση συνέπειας 45%,6,Από 17/01/2025 μη εμπορικά διαθέσιμο.
VOLTON,2025,1,Volton Blue 6M,18,0.16,9.9,Έκπτωση συνέπειας 45%,0.088,Έκπτωση συνέπειας 45%,6,Από 17/01/2025 μη εμπορικά διαθέσιμο.
ΗΡΩΝ,2025,2,FIX GENIUS HOME 4,9.5,0.16,9.5,,0.128,Συνέπεια,6,Μή εμπορικά διαθέσιμο προϊόν
ΗΡΩΝ,2025,1,FIX GENIUS HOME 4,9.5,0.16,9.5,,0.128,Συνέπεια,6,Μή εμπορικά διαθέσιμο προϊόν
PROTERGIA,2025,1,Value Fair,5,0.1602,5,,0.1602,,12,
ΔΕΗ,2025,2,Ειδικό,5,0.16246,5,,0.16246,,Αορίστου Διάρκειας,
ΔΕΗ,2025,1,Ειδικό,5,0.16399,5,,0.16399,,Αορίστου Διάρκειας,"Σε περίπτωση υπέρβασης της κατανάλωσης πλέον των 500 kWh, τότε η χρεώση είναι με τιμή 0,16399 €/kWh από την 1η καταναλισκόμενη kWh"
PROTERGIA,2025,2,Οικιακό Value Safe (μη εμπορικά διαθέσιμο),3.5,0.165,3.5,,0.165,,12,
PROTERGIA,2025,1,Οικιακό Value Safe (μη εμπορικά διαθέσιμο),3.5,0.165,3.5,,0.165,,12,
ΗΡΩΝ,2025,2,HOME FIX 5,9.5,0.167,9.5,,0.1336,Συνέπεια,12,
ΗΡΩΝ,2025,1,HOME FIX 5,9.5,0.167,9.5,,0.1336,Συνέπεια,12,
OTE ESTATE,2025,2,Ειδικό,5,0.16795,5,,0.16795,,Αορίστου Διάρκειας,
OTE ESTATE,2025,1,Ειδικό,5,0.1683,5,,0.1683,,Αορίστου Διάρκειας,
ELPEDISON,2025,2,ELPEDISON Bright,3,0.169,3,,0.169,,12,Από 10/04 το προϊόν είναι μη εμπορικά διαθέσιμο. Η διάρκεια σύμβασης συμφωνείται έως 31/12/2024.
ELPEDISON,2025,1,ELPEDISON Bright,3,0.169,3,,0.169,,12,Από 10/04 το προϊόν είναι μη εμπορικά διαθέσιμο. Η διάρκεια σύμβασης συμφωνείται έως 31/12/2024.
PROTERGIA,2025,2,Value Secure 12 Μήνες,9.9,0.169,9.9,,0.099,Συνέπεια,12,
PROTERGIA,2025,1,Value Secure 12 Μήνες,9.9,0.169,9.9,,0.099,Συνέπεια,12,
ΖΕΝΙΘ,2025,1,Power Home Go Electric Plus,5,0.16901,4,Έκπτωση Dual Energy,0.16901,Νυχτερινό,12,"-H τιμή Ιανουαρίου 2025 θα ανακοινωθεί τον Φεβρουάριο του 2025.
-Το προϊόν αφορά οικιακούς καταναλωτές με οικιακή φόρτιση
ηλεκτρικών οχημάτων."
PROTERGIA,2025,1,Value Simple,5,0.17318,5,,0.1596,Οριζόντια έκπτωση χωρίς προυπόθεση,12,Μη εμπορικά διαθέσιμο από 04/07/2024
VOLTON,2025,2,VOLTON BLUE FIXED,5.9,0.175,5.9,,0.1575,Συνέπεια,12,Από 02/09 το προϊόν είναι μη εμπορικά διαθέσιμο.
VOLTON,2025,1,VOLTON BLUE FIXED,5.9,0.175,5.9,,0.1575,Συνέπεια,12,Από 02/09 το προϊόν είναι μη εμπορικά διαθέσιμο.
ΗΡΩΝ,2025,2,FIX GENIUS HOME 5,9.5,0.177,9.5,,0.1416,Συνέπεια,6,
ΗΡΩΝ,2025,1,FIX GENIUS HOME 5,9.5,0.177,9.5,,0.1416,Συνέπεια,6,
ΖΕΝΙΘ,2025,1,Power Home Smart Night,5,0.17743,5,,0.15069,Νυχτερινό & 10% Έκπτωση Dual Energy και Συνέπειας,12,
PROTERGIA,2025,2,Value Simple,5,0.17945,5,,0.1696,Οριζόντια έκπτωση χωρίς προϋπόθεση,12,Μη εμπορικά διαθέσιμο
VOLTON,2025,2,VOLTON BLUE FIXED 6M_03,9.9,0.18,9.9,,0.144,Συνέπεια,6,Από 06/09 το προϊόν είναι μη εμπορικά διαθέσιμο.
VOLTON,2025,1,VOLTON BLUE FIXED 6M_03,9.9,0.18,9.9,,0.144,Συνέπεια,6,Από 06/09 το προϊόν είναι μη εμπορικά διαθέσιμο.
VOLTON,2025,2,VOLTON YELLOW FLAT,18,0.18,9.9,Έκπτωση συνέπειας 45%,0.099,Έκπτωση συνέπειας 45%,12,Για τις πρώτες 180 ημερολογιακές ημέρες της διάρκειας ισχύος της Σύμβασης η Χρέωση Προμήθειας είναι σταθερή. Μετά την πάροδο των 180 ημερολογιακών ημερών η Χρέωση Προμήθειας καθίσταται Κυμαινόμενη.
VOLTON,2025,1,VOLTON YELLOW FLAT,18,0.18,9.9,Έκπτωση συνέπειας 45%,0.099,Έκπτωση συνέπειας 45%,12,Για τις πρώτες 180 ημερολογιακές ημέρες της διάρκειας ισχύος της Σύμβασης η Χρέωση Προμήθειας είναι σταθερή. Μετά την πάροδο των 180 ημερολογιακών ημερών η Χρέωση Προμήθειας καθίσταται Κυμαινόμενη.
ΔΕΗ,2025,2,MyHome 4All,5,0.18114,4.9,Πάγια Εντολή,0.17692,2% έκπτωση για πληρωμή μέσω πάγιας εντολής,12,
PROTERGIA,2025,2,Value Fair,5,0.18173,5,,0.1696,Οριζόντια έκπτωση χωρίς προυπόθεση,12,Μη εμπορικά διαθέσιμο
EUNICE,2025,1,Eunice Flow,2.75,0.18255,2.75,,0.17005,ΣΥΝΕΠΕΙΑ,12,
ΕΛΙΝΟΙΛ,2025,1,Ειδικό,5,0.18308,5,,0.18308,,12,
ΖΕΝΙΘ,2025,1,Power Home Choice,1,0.18401,1,,0.18401,,12,H τιμή Ιανουαρίου 2025 θα ανακοινωθεί μέσα Φεβρουαρίου 2025.
ΖΕΝΙΘ,2025,1,Power Home Special,5,0.18401,5,,0.01701,Νυχτερινό,12,
EUNICE,2025,1,Eunice Βασικός Tιμοκατάλογος,2,0.18505,2,,0.18505,,12,
PROTERGIA,2025,1,Value Swift,5,0.18818,5,,0.1596,Οριζόντια έκπτωση χωρίς προυπόθεση,12,
PROTERGIA,2025,1,Value Easy,5,0.18818,5,,0.1596,Οριζόντια έκπτωση χωρίς προϋπόθεση,12,ΜΗ εμπορικά διαθέσιμο από 2/12/2024.
EUNICE,2025,1,Ειδικό,5,0.18846,5,,0.18846,,Αορίστου Διάρκειας,
NRG,2025,2,nrg fixed 4U 12 μήνες,9.9,0.189,9.9,,0.189,,12,
NRG,2025,1,nrg fixed 4U 12 μήνες,9.9,0.189,9.9,,0.189,,12,
VOLTON,2025,2,VOLTON BLUE SMART,0,0.189,0,,0.189,,12,Από 09/07 το προϊόν είναι μη εμπορικά διαθέσιμο. Διατίθετο με διαφορετικές εμπορικές πολιτικές με βάση την κατανάλωση.
VOLTON,2025,1,VOLTON BLUE SMART,0,0.189,0,,0.189,,12,Από 09/07 το προϊόν είναι μη εμπορικά διαθέσιμο. Διατίθετο με διαφορετικές εμπορικές πολιτικές με βάση την κατανάλωση.
ΖΕΝΙΘ,2025,2,Power Home Fixed SE,5,0.189,5,,0.16,Συνέπεια,12,Μη εμπορικά διαθέσιμο από 22.11.2024
ΖΕΝΙΘ,2025,1,Power Home Fixed SE,5,0.189,5,,0.16,Συνέπεια,12,Μη εμπορικά διαθέσιμο από 22.11.2024
EUNICE,2025,1,Eunice Simple (KOT),3,0.19005,3,,0.19005,,12,
ΔΕΗ,2025,1,MyHome 4All,5,0.19011,4.9,,0.18589,,12,
PROTERGIA,2025,2,Value Swift,5,0.19445,5,,0.1696,Οριζόντια έκπτωση χωρίς προυπόθεση,12,Μη εμπορικά διαθέσιμο
PROTERGIA,2025,2,Value Easy,5,0.19445,5,,0.1696,Οριζόντια έκπτωση χωρίς προϋπόθεση,12,ΜΗ εμπορικά διαθέσιμο από 2/12/2024.
ΗΡΩΝ,2025,1,YELLOW ONE HOME,5,0.19537,5,,0.17197,ΣΥΝΕΠΕΙΑ,12,
VOLTON,2025,2,Volton Blue 12M,18,0.198,9.9,Έκπτωση συνέπειας 45%,0.1089,Έκπτωση συνέπειας 45%,12,
VOLTON,2025,1,Volton Blue 12M,18,0.198,9.9,Έκπτωση συνέπειας 45%,0.1089,Έκπτωση συνέπειας 45%,12,
PROTERGIA,2025,1,Value Lite,1,0.19818,1,,0.1696,Οριζόντια έκπτωση χωρίς προυπόθεση,12,
VOLTON,2025,2,VOLTON BLUE FIXED 6M_04,11.9,0.199,11.9,,0.1592,Συνέπεια,6,Από 20/12 το προϊόν είναι μη εμπορικά διαθέσιμο.
VOLTON,2025,1,VOLTON BLUE FIXED 6M_04,11.9,0.199,11.9,,0.1592,Συνέπεια,6,Από 20/12 το προϊόν είναι μη εμπορικά διαθέσιμο.
ΖΕΝΙΘ,2025,2,Power Home Direct,7,0.199,7,,0.129,Συνέπεια,12,Μη εμπορικά διαθέσιμο από 22.11.2024
ΖΕΝΙΘ,2025,1,Power Home Direct,7,0.199,7,,0.129,Συνέπεια,12,Μη εμπορικά διαθέσιμο από 22.11.2024
ΦΥΣΙΚΟ ΑΕΡΙΟ ΕΛΛΗΝΙΚΗ ΕΤΑΙΡΙΑ ΕΝΕΡΓΕΙΑΣ,2025,2,Home Fixed,9.9,0.199,9.9,,0.199,,12,
ΦΥΣΙΚΟ ΑΕΡΙΟ ΕΛΛΗΝΙΚΗ ΕΤΑΙΡΙΑ ΕΝΕΡΓΕΙΑΣ,2025,1,Home Fixed,9.9,0.199,9.9,,0.199,,12,
ΖΕΝΙΘ,2025,1,Ειδικό,5,0.19944,5,,0.19944,,12,
PROTERGIA,2025,2,Helios Value,0,0.20135,0,,0.1796,Οριζόντια έκπτωση χωρίς προϋπόθεση,12,"100% έκπτωση στη χρέωση ενέργειας του ανταγωνιστικού σκέλους, για τις πρώτες 1.000kWh/έτος που τυχόν καταναλωθούν εκτός ενεργειακού συμψηφισμού"
NRG,2025,1,Ειδικό,5,0.2015,3.5,ebill & πάγια εντολή,0.1695,συνέπεια,Αορίστου Διάρκειας,
ΦΥΣΙΚΟ ΑΕΡΙΟ ΕΛΛΗΝΙΚΗ ΕΤΑΙΡΙΑ ΕΝΕΡΓΕΙΑΣ,2025,1,MAXI Home,5,0.2018,5,,0.1958,,24,
ΦΥΣΙΚΟ ΑΕΡΙΟ ΕΛΛΗΝΙΚΗ ΕΤΑΙΡΙΑ ΕΝΕΡΓΕΙΑΣ,2025,1,Ρεύµα MAXI Home 10,5,0.2018,5,,0.1918,Έκπτωση συνέπειας,24,
ELPEDISON,2025,1,ELPEDISON Flex,5,0.20268,5,,0.20268,,12,"Από 02/11 το προϊόν είναι μη εμπορικά διαθέσιμο. Έως 31/12/2024 Σταθερή Χρέωση Προμήθειας ημέρας και νύχτας και Πάγιο στα 9,90 €/μήνα. Από 01/01/2025 έως τη λήξη της σύμβασης η Χρέωση Προμήθειας καθίσταται κυμαινόμενη και το Πάγιο ανέρχεται στα 5 €/μήνα."
ELPEDISON,2025,1,ELPEDISON Win More,5,0.20268,5,,0.20268,,12,"Από 01/10 το προϊόν είναι μη εμπορικά διαθέσιμο. Έως 30/09/2024 Σταθερή Χρέωση Προμήθειας ημέρας και νύχτας και Πάγιο στα 9,90 €/μήνα. Από 01/10/2024 έως τη λήξη της σύμβασης η Χρέωση Προμήθειας καθίσταται κυμαινόμενη και το Πάγιο ανέρχεται στα 5 €/μήνα."
ELPEDISON,2025,1,ELPEDISON SMART,5,0.20268,5,,0.20268,,12,
ELPEDISON,2025,1,ELPEDISON Win,5.9,0.20268,5.9,,0.20268,,12,Από 12/07/2024 το προϊόν είναι μη εμπορικά διαθέσιμο.
ELPEDISON,2025,1,ELPEDISON Smart Up,4,0.20368,4,,0.20368,,12,Από 31/05/2024 το προϊόν είναι μη εμπορικά διαθέσιμο.
ΖΕΝΙΘ,2025,1,My Pet My Home,4.5,0.20401,5,,0.20401,,12,-H τιμή Ιανουαρίου 2025 θα ανακοινωθεί τον Φεβρουάριο του 2025.
PROTERGIA,2025,2,Value Lite,0,0.20445,0,,0.1796,Οριζόντια έκπτωση χωρίς προυπόθεση,12,
ΗΡΩΝ,2025,1,YELLOW BENEFIT HOME,5.5,0.20461,5.5,,0.20461,,12,
ΕΛΙΝΟΙΛ,2025,2,Ειδικό,5,0.20535,5,,0.19535,,12,
ΗΡΩΝ,2025,1,BASIC HOME,5,0.20597,5,,0.15422,ΣΥΝΕΠΕΙΑ,Αορίστου Διάρκειας,
SOLAR ENERGY,2025,1,Ειδικό,5,0.206,5,-,0.1572,Συνέπεια,12,
ΗΡΩΝ,2025,1,PROTECT 4 HOME,5.5,0.20664,5.5,,0.20664,,12,
SOLAR ENERGY,2025,1,Οικιακό S1+,4.5,0.20798,4.5,,0.18668,Συνέπεια,12,
ΕΛΙΝΟΙΛ,2025,1,Power On! Home Zero,0,0.20813,0,,0.20813,,12,
ΗΡΩΝ,2025,1,YELLOW PLUS HOME,0,0.20851,0,,0.20851,,12,
EUNICE,2025,2,Ειδικό,5,0.2089,5,,0.2089,,Αορίστου Διάρκειας,
ΗΡΩΝ,2025,1,GENEROUS GUARANTEE HOME,5.5,0.21026,5.5,,0.19796,Συνέπεια και παραμονή,12,"Ενεργοποιώντας τη μηνιαία Χρέωση Guarantee 8€, ο Πελάτης διασφαλίζει ότι η χρέωση ενέργειας δεν θα υπερβεί τα 0,1700 €/kWh σε όλη τη διάρκεια της σύμβασης."
PROTERGIA,2025,2,Plus,0,0.21035,1,,0.1696,Οριζόντια έκπτωση χωρίς προϋπόθεση,12,Μη εμπορικά διαθέσιμο
ΖΕΝΙΘ,2025,1,Power Home Student,5,0.21047,5,,0.21047,,12,
ΗΡΩΝ,2025,1,SIMPLY GENEROUS HOME,5.5,0.21151,5.5,,0.20689,Παραμονή,12,
ΦΥΣΙΚΟ ΑΕΡΙΟ ΕΛΛΗΝΙΚΗ ΕΤΑΙΡΙΑ ΕΝΕΡΓΕΙΑΣ,2025,1,Maxi Home Super Save,6,0.2118,6,,0.1998,Συνδυαστική έκπτωση συνέπειας και παράλληλης σύμβασης ρεύματος και φυσικού αερίου.,24,
ΦΥΣΙΚΟ ΑΕΡΙΟ ΕΛΛΗΝΙΚΗ ΕΤΑΙΡΙΑ ΕΝΕΡΓΕΙΑΣ,2025,1,Ρεύμα MAXI Home Super Save+ Oct,6,0.2118,6,,0.1998,Συνδυαστική έκπτωση συνέπειας και παράλληλης σύμβασης ρεύματος και φυσικού αερίου.,24,
ΦΥΣΙΚΟ ΑΕΡΙΟ ΕΛΛΗΝΙΚΗ ΕΤΑΙΡΙΑ ΕΝΕΡΓΕΙΑΣ,2025,1,MAXI Home Super+,6,0.2118,6,,0.1998,Συνδυαστική έκπτωση συνέπειας και παράλληλης σύμβασης ρεύματος και φυσικού αερίου.,24,
ΦΥΣΙΚΟ ΑΕΡΙΟ ΕΛΛΗΝΙΚΗ ΕΤΑΙΡΙΑ ΕΝΕΡΓΕΙΑΣ,2025,1,Ρεύμα MAXI Home Super Save+,6,0.2118,6,-,0.1998,Συνδυαστική έκπτωση συνέπειας και παράλληλης σύμβασης ρεύματος και φυσικού αερίου.,24,
ΦΥΣΙΚΟ ΑΕΡΙΟ ΕΛΛΗΝΙΚΗ ΕΤΑΙΡΙΑ ΕΝΕΡΓΕΙΑΣ,2025,1,MAXI Home Super,6,0.2118,6,,0.1998,,12,
ΦΥΣΙΚΟ ΑΕΡΙΟ ΕΛΛΗΝΙΚΗ ΕΤΑΙΡΙΑ ΕΝΕΡΓΕΙΑΣ,2025,1,Ρεύμα MAXI Home Economy XL,14.9,0.2118,14.9,,0.1918,Συνέπεια,12,
SOLAR ENERGY,2025,1,Οικιακό S1,0,0.21228,0,,0.20333,Συνέπεια,12,
SOLAR ENERGY,2025,1,Οικιακό S1Ν,0,0.21228,0,,0.20333,Συνέπεια,12,
ELPEDISON,2025,1,ELPEDISON Smart Zero,0,0.21678,0,,0.21678,,12,
ΗΡΩΝ,2025,2,YELLOW ONE HOME,5,0.21837,5,,0.19497,Συνέπεια,12,
ELPEDISON,2025,2,Ειδικό,5,0.22,5,,0.22,Οριζόντια έκπτωση χωρίς προυπόθεση,Αορίστου Διάρκειας,
ELPEDISON,2025,1,Ειδικό,5,0.22,5,,0.22,,Αορίστου Διάρκειας,
ΦΥΣΙΚΟ ΑΕΡΙΟ ΕΛΛΗΝΙΚΗ ΕΤΑΙΡΙΑ ΕΝΕΡΓΕΙΑΣ,2025,1,Ρεύμα MAXI Home Economy,9.9,0.2218,9.9,,0.1918,Συνέπεια,12,
ΗΡΩΝ,2025,1,Yellow Free Student,0,0.22226,0,,0.21806,Παραμονή,12,
ΗΡΩΝ,2025,1,Yellow Free HOME,0,0.22226,0,,0.21806,Παραμονή,12,
ΗΡΩΝ,2025,1,SOLAR GENEROUS HOME,5.5,0.22226,5.5,,0.20346,Συνέπεια και παραμονή,12,
PROTERGIA,2025,1,Plus,1,0.22265,1,,0.1696,Οριζόντια έκπτωση χωρίς προυπόθεση,12,
PROTERGIA,2025,1,Helios Value,0,0.22265,0,,0.1696,Οριζόντια έκπτωση χωρίς προυπόθεση,12,"100% έκπτωση στη χρέωση ενέργειας του ανταγωνιστικού σκέλους, για τις πρώτες 1.000kWh/έτος που τυχόν καταναλωθούν εκτός ενεργειακού συμψηφισμού"
ΖΕΝΙΘ,2025,1,Power Home More,5,0.22423,5,0,0.21533,10% έκπτωση Dual Energy & Συνέπειας,12,
ΗΡΩΝ,2025,1,ECO GENEROUS HOME,6.5,0.22726,6.5,,0.20251,Συνέπεια και παραμονή,12,
ΗΡΩΝ,2025,1,DOUBLE GENEROUS HOME,5.5,0.22726,5.5,,0.19558,Συνέπεια και παραμονή,12,
PROTERGIA,2025,1,Value Standard,5,0.2273,5,,0.2223,Συνέπεια,12,
PROTERGIA,2025,2,Value Standard,5,0.2273,5,,0.169,Συνέπεια,12,
SOLAR ENERGY,2025,2,Ειδικό,5,0.22881,5,-,0.17391,Συνέπεια,6,
ΗΡΩΝ,2025,2,BASIC HOME,5,0.22897,5,,0.15997,ΣΥΝΕΠΕΙΑ,Αορίστου Διάρκειας,
ΖΕΝΙΘ,2025,2,Ειδικό,5,0.23101,5,,0.23101,-,Αορίστου Διάρκειας,
ΔΕΗ,2025,1,myHome4Student,0,0.23155,2.9,,0.226,,12,
NRG,2025,2,Ειδικό,5,0.239,3.5,ebill & πάγια εντολή,0.197,συνέπεια,Αορίστου Διάρκειας,
VOLTON,2025,1,Ειδικό,4.9,0.24202,4.9,,0.21102,Έκπτωση Συνέπειας,12,"Για νέες αιτήσεις, δώρο 50€"
ΦΥΣΙΚΟ ΑΕΡΙΟ ΕΛΛΗΝΙΚΗ ΕΤΑΙΡΙΑ ΕΝΕΡΓΕΙΑΣ,2025,1,Ειδικό,5,0.243,5,,0.189,Συνέπεια,Αορίστου Διάρκειας,
PROTERGIA,2025,1,Value Student,9.9,0.24318,9.9,,0.22318,Συνέπεια,12,
PROTERGIA,2025,1,Value Student,9.9,0.24318,9.9,,0.001,,12,Φοιτητικό Πρόγραμμα. (Μηδενική κυμαινόμενη χρέωση προμήθειας για τις πρώτες 115kWh κάθε μήνα).
ΦΥΣΙΚΟ ΑΕΡΙΟ ΕΛΛΗΝΙΚΗ ΕΤΑΙΡΙΑ ΕΝΕΡΓΕΙΑΣ,2025,2,Ειδικό,5,0.248,5,,0.19403,συνέπεια,24,
VOLTON,2025,2,Ειδικό,4.9,0.24895,4.9,,0.19848,Συνέπεια,12,Δώρο 50€ για νέες αιτήσεις
PROTERGIA,2025,2,Value Student,9.9,0.24945,9.9,,0.22945,Έκπτωση Συνέπειας,12,
PROTERGIA,2025,2,Value Special,5,0.25,5,,0.159,,Αορίστου Διάρκειας,
PROTERGIA,2025,1,Value Special,5,0.25,5,,0.159,Συνέπεια,Αορίστου Διάρκειας,
NRG,2025,1,nrg simple,5,0.27024,3.5,ebill & πάγια εντολή,0.189,Οριζόντια έκπτωση χωρίς προϋπόθεση,12,
NRG,2025,1,nrg simple 1.0,5,0.27024,3.5,ebill & πάγια εντολή,0.119,Οριζόντια έκπτωση χωρίς προϋπόθεση,12,
NRG,2025,1,nrg simple 2.0,5,0.27024,3.5,ebill & πάγια εντολή,0.089,Οριζόντια έκπτωση χωρίς προϋπόθεση,12,
NRG,2025,2,nrg simple,5,0.27743,3.5,ebill & πάγια εντολή,0.199,Οριζόντια έκπτωση χωρίς προϋπόθεση,12,
NRG,2025,2,nrg simple 1.0,5,0.27743,3.5,ebill & πάγια εντολή,0.149,Οριζόντια έκπτωση χωρίς προϋπόθεση,12,
NRG,2025,2,nrg simple 2.0,5,0.27743,3.5,ebill & πάγια εντολή,0.089,Οριζόντια έκπτωση χωρίς προϋπόθεση,12,
SOLAR ENERGY,2025,2,Οικιακό FIXED,10,0.4,10,,0.36,,12,
SOLAR ENERGY,2025,1,Οικιακό FIXED,10,0.4,10,,0.36,,12,
